item_name,image_path,image,checked,page,column,row,notes_1_name,notes_1,notes_2_name,notes_2,notes_3_name,notes_3,notes_4_name,notes_4,notes_
Fried Egg,images/Fried_Egg.png,pyimage1,False,Cooking,0,0,Ingredients:,Egg,Recipe Source:,Upgraded farmhouse,,,,,
Omelet,images/Omelet.png,pyimage2,False,Cooking,1,0,Ingredients:,"Egg, Milk",Recipe Source:,"Stardrop Saloon, Cooking Channel, (28 Spring, Year 1)",,,,,
Salad,images/Salad.png,pyimage3,False,Cooking,2,0,Ingredients:,"Leek, Dandelion, Vinegar",Recipe Source:,Emily - 3+ hearts,,,,,
Cheese Cauliflower,images/Cheese_Cauliflower.png,pyimage4,False,Cooking,3,0,Ingredients:,"Cauliflower, Cheese",Recipe Source:,Pam - 3+ hearts,,,,,
Baked Fish,images/Baked_Fish.png,pyimage5,False,Cooking,4,0,Ingredients:,"Sunfish, Bream, Wheat Flour",Recipe Source:,"Cooking Channel, (7 Summer, Year 1)",,,,,
Parsnip Soup,images/Parsnip_Soup.png,pyimage6,False,Cooking,5,0,Ingredients:,"Parsnip, Milk, Vinegar",Recipe Source:,Caroline - 3+ hearts,,,,,
Vegetable Medley,images/Vegetable_Medley.png,pyimage7,False,Cooking,6,0,Ingredients:,"Tomato, Beet",Recipe Source:,Caroline - 7+ hearts,,,,,
Complete Breakfast,images/Complete_Breakfast.png,pyimage8,False,Cooking,7,0,Ingredients:,"Fried Egg, Milk, Hashbrowns, Pancakes",Recipe Source:,"Cooking Channel, (21 Spring, Year 2)",,,,,
Fried Calamari,images/Fried_Calamari.png,pyimage9,False,Cooking,8,0,Ingredients:,"Squid, Wheat Flour, Oil",Recipe Source:,Jodi - 3+ hearts,,,,,
Strange Bun,images/Strange_Bun.png,pyimage10,False,Cooking,9,0,Ingredients:,"Wheat Flour, Periwinkle, Void Mayo",Recipe Source:,Shane - 7+ hearts,,,,,
Lucky Lunch,images/Lucky_Lunch.png,pyimage11,False,Cooking,0,1,Ingredients:,"Sea Cucumber, Tortilla, Blue Jazz",Recipe Source:,"Cooking Channel, (28 Spring, Year 2)",,,,,
Fried Mushroom,images/Fried_Mushroom.png,pyimage12,False,Cooking,1,1,Ingredients:,"Common Mushroom, Morel, Oil",Recipe Source:,Demetrius - 3+ hearts,,,,,
Pizza,images/Pizza.png,pyimage13,False,Cooking,2,1,Ingredients:,"Wheat Flour, Tomato, Cheese",Recipe Source:,"Stardrop Saloon, Cooking Channel, (7 Spring, Year 2)",,,,,
Bean Hotpot,images/Bean_Hotpot.png,pyimage14,False,Cooking,3,1,Ingredients:,Green Bean x 2,Recipe Source:,Clint - 7+ hearts,,,,,
Glazed Yams,images/Glazed_Yams.png,pyimage15,False,Cooking,4,1,Ingredients:,"Yam, Sugar",Recipe Source:,"Cooking Channel, (21 Fall, Year 1)",,,,,
Carp Surprise,images/Carp_Surprise.png,pyimage16,False,Cooking,5,1,Ingredients:,Carp x 4,Recipe Source:,"Cooking Channel, (7 Summer, Year 2)",,,,,
Hashbrowns,images/Hashbrowns.png,pyimage17,False,Cooking,6,1,Ingredients:,"Potato, Oil",Recipe Source:,"Stardrop Saloon, Cooking Channel, (14 Spring, Year 2)",,,,,
Pancakes,images/Pancakes.png,pyimage18,False,Cooking,7,1,Ingredients:,"Wheat Flour, Egg",Recipe Source:,"Stardrop Saloon, Cooking Channel, (14 Summer, Year 1)",,,,,
Salmon Dinner,images/Salmon_Dinner.png,pyimage19,False,Cooking,8,1,Ingredients:,"Salmon, Amaranth, Kale",Recipe Source:,Gus - 3+ hearts,,,,,
Fish Taco,images/Fish_Taco.png,pyimage20,False,Cooking,9,1,Ingredients:,"Tuna, Tortilla, Red Cabbage, Mayo",Recipe Source:,Linus - 7+ hearts,,,,,
Crispy Bass,images/Crispy_Bass.png,pyimage21,False,Cooking,0,2,Ingredients:,"Largemouth Bass, Wheat Flour, Oil",Recipe Source:,Kent - 3+ hearts,,,,,
Pepper Poppers,images/Pepper_Poppers.png,pyimage22,False,Cooking,1,2,Ingredients:,"Hot Pepper, Cheese",Recipe Source:,Shane - 3+ hearts,,,,,
Bread,images/Bread.png,pyimage23,False,Cooking,2,2,Ingredients:,Wheat Flour,Recipe Source:,"Stardrop Saloon, Cooking Channel, (28 Summer, Year 1)",,,,,
Tom Kha Soup,images/Tom_Kha_Soup.png,pyimage24,False,Cooking,3,2,Ingredients:,"Coconut, Shrimp, Common Mushroom",Recipe Source:,Sandy - 7+ hearts,,,,,
Trout Soup,images/Trout_Soup.png,pyimage25,False,Cooking,4,2,Ingredients:,"Rainbow Trout, Green Algae",Recipe Source:,"Cooking Channel, (14 Fall, Year 1)",,,,,
Chocolate Cake,images/Chocolate_Cake.png,pyimage26,False,Cooking,5,2,Ingredients:,"Wheat Flour, Sugar, Egg",Recipe Source:,"Cooking Channel, (14 Winter, Year 1)",,,,,
Pink Cake,images/Pink_Cake.png,pyimage27,False,Cooking,6,2,Ingredients:,"Melon, Wheat Flour, Sugar, Egg",Recipe Source:,"Cooking Channel, (21 Summer, Year 2)",,,,,
Rhubarb Pie,images/Rhubarb_Pie.png,pyimage28,False,Cooking,7,2,Ingredients:,"Rhubarb, Wheat Flour, Sugar",Recipe Source:,Marnie - 7+ hearts,,,,,
Cookie,images/Cookie.png,pyimage29,False,Cooking,8,2,Ingredients:,"Wheat Flour, Sugar, Egg",Recipe Source:,Evelyn - 4 heart event,,,,,
Spaghetti,images/Spaghetti.png,pyimage30,False,Cooking,9,2,Ingredients:,Wheat Flour,Recipe Source:,Lewis - 3+ hearts,,,,,
Fried Eel,images/Fried_Eel.png,pyimage31,False,Cooking,0,3,Ingredients:,"Eel, Oil",Recipe Source:,George - 3+ hearts,,,,,
Spicy Eel,images/Spicy_Eel.png,pyimage32,False,Cooking,1,3,Ingredients:,"Eel, Hot Pepper",Recipe Source:,George - 7+ hearts,,,,,
Sashimi,images/Sashimi.png,pyimage33,False,Cooking,2,3,Ingredients:,Any Fish,Recipe Source:,Linus - 3+ hearts,,,,,
Maki Roll,images/Maki_Roll.png,pyimage34,False,Cooking,3,3,Ingredients:,"Any Fish, Seaweed, Rice",Recipe Source:,"Stardrop Saloon, Cooking Channel, (21 Summer, Year 1)",,,,,
Tortilla,images/Tortilla.png,pyimage35,False,Cooking,4,3,Ingredients:,Corn,Recipe Source:,"Stardrop Saloon, Cooking Channel, (7 Fall, Year 1)",,,,,
Red Plate,images/Red_Plate.png,pyimage36,False,Cooking,5,3,Ingredients:,"Red Cabbage, Radish",Recipe Source:,Emily - 7+ hearts,,,,,
Eggplant Parmesan,images/Eggplant_Parmesan.png,pyimage37,False,Cooking,6,3,Ingredients:,"Eggplant, Tomato",Recipe Source:,Lewis - 7+ hearts,,,,,
Rice Pudding,images/Rice_Pudding.png,pyimage38,False,Cooking,7,3,Ingredients:,"Milk, Sugar, Rice",Recipe Source:,Evelyn - 7+ hearts,,,,,
Ice Cream,images/Ice_Cream.png,pyimage39,False,Cooking,8,3,Ingredients:,"Milk, Sugar",Recipe Source:,Jodi - 7+ hearts,,,,,
Blueberry Tart,images/Blueberry_Tart.png,pyimage40,False,Cooking,9,3,Ingredients:,"Blueberry, Wheat Flour, Sugar, Egg",Recipe Source:,Pierre - 3+ hearts,,,,,
Autumn's Bounty,images/Autumn's_Bounty.png,pyimage41,False,Cooking,0,4,Ingredients:,"Yam, Pumpkin",Recipe Source:,Demetrius - 7+ hearts,,,,,
Pumpkin Soup,images/Pumpkin_Soup.png,pyimage42,False,Cooking,1,4,Ingredients:,"Pumpkin, Milk",Recipe Source:,Robin - 7+ hearts,,,,,
Super Meal,images/Super_Meal.png,pyimage43,False,Cooking,2,4,Ingredients:,"Bok Choy, Cranberries, Artichoke",Recipe Source:,Kent - 7+ hearts,,,,,
Cranberry Sauce,images/Cranberry_Sauce.png,pyimage44,False,Cooking,3,4,Ingredients:,"Cranberries, Sugar",Recipe Source:,Gus - 7+ hearts,,,,,
Stuffing,images/Stuffing.png,pyimage45,False,Cooking,4,4,Ingredients:,"Bread, Cranberries, Hazelnut",Recipe Source:,Pam - 7+ hearts,,,,,
Farmer's Lunch,images/Farmer's_Lunch.png,pyimage46,False,Cooking,5,4,Ingredients:,"Omelet, Parsnip",Recipe Source:,Farming Level 3,,,,,
Survival Burger,images/Survival_Burger.png,pyimage47,False,Cooking,6,4,Ingredients:,"Bread, Cave Carrot, Eggplant",Recipe Source:,Foraging Level 2,,,,,
Dish o' The Sea,images/Dish_o'_The_Sea.png,pyimage48,False,Cooking,7,4,Ingredients:,"Sardine x 2, Hashbrowns",Recipe Source:,Fishing Level 3,,,,,
Miner's Treat,images/Miner's_Treat.png,pyimage49,False,Cooking,8,4,Ingredients:,"Cave Carrot x 2, Sugar, Milk",Recipe Source:,Mining Level 3,,,,,
Roots Platter,images/Roots_Platter.png,pyimage50,False,Cooking,9,4,Ingredients:,"Cave Carrot, Winter Root",Recipe Source:,Combat Level 3,,,,,
Triple Shot Espresso,images/Triple_Shot_Espresso.png,pyimage51,False,Cooking,0,5,Ingredients:,Coffee x 3,Recipe Source:,Stardrop Saloon,,,,,
Seafoam Pudding,images/Seafoam_Pudding.png,pyimage52,False,Cooking,1,5,Ingredients:,"Flounder, Midnight Carp, Squid Ink",Recipe Source:,Fishing Level 9,,,,,
Algae Soup,images/Algae_Soup.png,pyimage53,False,Cooking,2,5,Ingredients:,Green Algae x 4,Recipe Source:,Clint - 3+ hearts,,,,,
Pale Broth,images/Pale_Broth.png,pyimage54,False,Cooking,3,5,Ingredients:,White Algae x 2,Recipe Source:,Marnie - 3+ hearts,,,,,
Plum Pudding,images/Plum_Pudding.png,pyimage55,False,Cooking,4,5,Ingredients:,"Wild Plum x 2, Wheat Flour, Sugar",Recipe Source:,"Cooking Channel, (7 Winter, Year 1)",,,,,
Artichoke Dip,images/Artichoke_Dip.png,pyimage56,False,Cooking,5,5,Ingredients:,"Artichoke, Milk",Recipe Source:,"Cooking Channel, (28 Fall, Year 1)",,,,,
Stir Fry,images/Stir_Fry.png,pyimage57,False,Cooking,6,5,Ingredients:,"Cave Carrot, Common Mushroom, Kale, Oil",Recipe Source:,"Cooking Channel, (7 Spring, Year 1)",,,,,
Roasted Hazelnuts,images/Roasted_Hazelnuts.png,pyimage58,False,Cooking,7,5,Ingredients:,Hazelnut x 3,Recipe Source:,"Cooking Channel, (28 Summer, Year 2)",,,,,
Pumpkin Pie,images/Pumpkin_Pie.png,pyimage59,False,Cooking,8,5,Ingredients:,"Pumpkin, Wheat Flour, Milk, Sugar",Recipe Source:,"Cooking Channel, (21 Winter, Year 1)",,,,,
Radish Salad,images/Radish_Salad.png,pyimage60,False,Cooking,9,5,Ingredients:,"Oil, Vinegar, Radish",Recipe Source:,"Cooking Channel, (21 Spring, Year 1)",,,,,
Fruit Salad,images/Fruit_Salad.png,pyimage61,False,Cooking,0,6,Ingredients:,"Blueberry, Melon, Apricot",Recipe Source:,"Cooking Channel, (7 Fall, Year 2)",,,,,
Blackberry Cobbler,images/Blackberry_Cobbler.png,pyimage62,False,Cooking,1,6,Ingredients:,"Blackberry x 2, Sugar, Wheat Flour",Recipe Source:,"Cooking Channel, (14 Fall, Year 2)",,,,,
Cranberry Candy,images/Cranberry_Candy.png,pyimage63,False,Cooking,2,6,Ingredients:,"Cranberries, Apple, Sugar",Recipe Source:,"Cooking Channel, (28 Winter, Year 1)",,,,,
Bruschetta,images/Bruschetta.png,pyimage64,False,Cooking,3,6,Ingredients:,"Bread, Oil, Tomato",Recipe Source:,"Cooking Channel, (21 Winter, Year 2)",,,,,
Coleslaw,images/Coleslaw.png,pyimage65,False,Cooking,4,6,Ingredients:,"Red Cabbage, Vinegar, Mayo",Recipe Source:,"Cooking Channel, (14 Spring, Year 1)",,,,,
Fiddlehead Risotto,images/Fiddlehead_Risotto.png,pyimage66,False,Cooking,5,6,Ingredients:,"Oil, Fiddlehead Fern, Garlic",Recipe Source:,"Cooking Channel, (28 Fall, Year 2)",,,,,
Poppyseed Muffin,images/Poppyseed_Muffin.png,pyimage67,False,Cooking,6,6,Ingredients:,"Poppy, Wheat Flour, Sugar",Recipe Source:,"Cooking Channel, (7 Winter, Year 2)",,,,,
Chowder,images/Chowder.png,pyimage68,False,Cooking,7,6,Ingredients:,"Clam, Milk",Recipe Source:,Willy - 3+ hearts,,,,,
Fish Stew,images/Fish_Stew.png,pyimage69,False,Cooking,8,6,Ingredients:,"Crayfish, Mussel, Periwinkle, Tomato",Recipe Source:,Willy - 7+ hearts,,,,,
Escargot,images/Escargot.png,pyimage70,False,Cooking,9,6,Ingredients:,"Snail, Garlic",Recipe Source:,Willy - 5+ hearts,,,,,
Lobster Bisque,images/Lobster_Bisque.png,pyimage71,False,Cooking,0,7,Ingredients:,"Lobster, Milk",Recipe Source:,"Cooking Channel, Willy - 9+ hearts",,,,,
Maple Bar,images/Maple_Bar.png,pyimage72,False,Cooking,1,7,Ingredients:,"Maple Syrup, Sugar, Wheat Flour",Recipe Source:,"Cooking Channel, (14 Summer, Year 2)",,,,,
Crab Cakes,images/Crab_Cakes.png,pyimage73,False,Cooking,2,7,Ingredients:,"Crab, Wheat Flour, Egg, Oil",Recipe Source:,"Cooking Channel, (21 Fall, Year 2)",,,,,
Shrimp Cocktail,images/Shrimp_Cocktail.png,pyimage74,False,Cooking,3,7,Ingredients:,"Tomato, Shrimp, Wild Horseradish",Recipe Source:,"Cooking Channel, (28 Winter, Year 2)",,,,,
Ginger Ale,images/Ginger_Ale.png,pyimage75,False,Cooking,4,7,Ingredients:,"Ginger x 3, Sugar",Recipe Source:,Dwarf Shop in Volcano on Ginger Island,,,,,
Banana Pudding,images/Banana_Pudding.png,pyimage76,False,Cooking,5,7,Ingredients:,"Baa, Milk, Sugar",Recipe Source:,Island Trader for 30 Bone Fragments,,,,,
Mango Sticky Rice,images/Mango_Sticky_Rice.png,pyimage77,False,Cooking,6,7,Ingredients:,"Mango, Coconut, Rice",Recipe Source:,Leo - 7+ hearts,,,,,
Poi,images/Poi.png,pyimage78,False,Cooking,7,7,Ingredients:,Taro Root x 4,Recipe Source:,Leo - 3+ hearts,,,,,
Tropical Curry,images/Tropical_Curry.png,pyimage79,False,Cooking,8,7,Ingredients:,"Coconut, Pineapple, Hot Pepper",Recipe Source:,Gus at Ginger Island Resort,,,,,
Squid Ink Ravioli,images/Squid_Ink_Ravioli.png,pyimage80,False,Cooking,9,7,Ingredients:,"Squid Ink, Wheat Flour, Tomato",Recipe Source:,Combat Level 9,,,,,
Pufferfish,images/Pufferfish.png,pyimage81,False,Fishing,0,0,Time:,12am - 4pm,Location:,Ocean,Season:,Summer,Weather:,Sun,
Anchovy,images/Anchovy.png,pyimage82,False,Fishing,1,0,Time:,Anytime,Location:,Ocean,Season:,"Spring, Fall",Weather:,Any,
Tuna,images/Tuna.png,pyimage83,False,Fishing,2,0,Time:,6am - 7pm,Location:,Ocean,Season:,"Summer, Winter",Weather:,Any,
Sardine,images/Sardine.png,pyimage84,False,Fishing,3,0,Time:,6am - 7pm,Location:,Ocean,Season:,"Spring, Fall, Winter",Weather:,Any,
Bream,images/Bream.png,pyimage85,False,Fishing,4,0,Time:,6pm - 2am,Location:,River (Town+Forest),Season:,Any,Weather:,Any,
Largemouth Bass,images/Largemouth_Bass.png,pyimage86,False,Fishing,5,0,Time:,6am - 7pm,Location:,Mountain Lake,Season:,Any,Weather:,Any,
Smallmouth Bass,images/Smallmouth_Bass.png,pyimage87,False,Fishing,6,0,Time:,Anytime,Location:,"River (Town), Forest Pond",Season:,"Spring, Fall",Weather:,Any,
Rainbow Trout,images/Rainbow_Trout.png,pyimage88,False,Fishing,7,0,Time:,6am - 7pm,Location:,"River (Town+Forest), Mountain Lake",Season:,Summer,Weather:,Sun,
Salmon,images/Salmon.png,pyimage89,False,Fishing,8,0,Time:,6am - 7pm,Location:,River (Town+Forest),Season:,Fall,Weather:,Any,
Walleye,images/Walleye.png,pyimage90,False,Fishing,9,0,Time:,12pm - 2am,Location:,"River (Town+Forest), Forest Pond, Mountain Lake",Season:,"Fall, Winter",Weather:,Rain,
Perch,images/Perch.png,pyimage91,False,Fishing,0,1,Time:,Anytime,Location:,"River (Town+Forest), Forest Pond, Mountain Lake",Season:,Winter,Weather:,Any,
Carp,images/Carp.png,pyimage92,False,Fishing,1,1,Time:,Anytime,Location:,"Mountain Lake, Secret Woods Pond, Sewers",Season:,Any,Weather:,Any,
Catfish,images/Catfish.png,pyimage93,False,Fishing,2,1,Time:,6am - 12am,Location:,"River (Town+Forest), Secret Woods Pond, Witch's Swamp",Season:,"Spring, Fall",Weather:,Rain,
Pike,images/Pike.png,pyimage94,False,Fishing,3,1,Time:,Anytime,Location:,"River (Town+Forest), Forest Pond",Season:,"Summer, Winter",Weather:,Any,
Sunfish,images/Sunfish.png,pyimage95,False,Fishing,4,1,Time:,6am - 7pm,Location:,River (Town+Forest),Season:,"Spring, Summer",Weather:,Sun,
Red Mullet,images/Red_Mullet.png,pyimage96,False,Fishing,5,1,Time:,6am - 7pm,Location:,Ocean,Season:,"Summer, Winter",Weather:,Any,
Herring,images/Herring.png,pyimage97,False,Fishing,6,1,Time:,Anytime,Location:,Ocean,Season:,"Spring, Winter",Weather:,Any,
Eel,images/Eel.png,pyimage98,False,Fishing,7,1,Time:,4pm - 2am,Location:,Ocean,Season:,"Spring, Fall",Weather:,Rain,
Octopus,images/Octopus.png,pyimage99,False,Fishing,8,1,Time:,6am - 1pm,Location:,Ocean,Season:,Summer,Weather:,Any,
Red Snapper,images/Red_Snapper.png,pyimage100,False,Fishing,9,1,Time:,6am - 7pm,Location:,Ocean,Season:,"Summer, Fall",Weather:,Rain,
Squid,images/Squid.png,pyimage101,False,Fishing,0,2,Time:,6pm - 2am,Location:,Ocean,Season:,Winter,Weather:,Any,
Seaweed,images/Seaweed.png,pyimage102,False,Fishing,1,2,Time:,Anytime,Location:,Ocean,Season:,Any,Weather:,Any,
Green Algae,images/Green_Algae.png,pyimage103,False,Fishing,2,2,Time:,Anytime,Location:,Everywhere,Season:,Any,Weather:,Any,
Sea Cucumber,images/Sea_Cucumber.png,pyimage104,False,Fishing,3,2,Time:,6am - 7pm,Location:,Ocean,Season:,"Fall, Winter",Weather:,Any,
Super Cucumber,images/Super_Cucumber.png,pyimage105,False,Fishing,4,2,Time:,6pm - 2am,Location:,"Ocean, Ginger Island oceans",Season:,"Summer, Fall",Weather:,Any,
Ghostfish,images/Ghostfish.png,pyimage106,False,Fishing,5,2,Time:,Anytime,Location:,"Mines (20, 60), Ghost Drops",Season:,Any,Weather:,Any,
White Algae,images/White_Algae.png,pyimage107,False,Fishing,6,2,Time:,Anytime,Location:,"Mines, Sewers, Mutant Bug Lair, Witch's Swamp",Season:,Any,Weather:,Any,
Stonefish,images/Stonefish.png,pyimage108,False,Fishing,7,2,Time:,Anytime,Location:,Mines 20F,Season:,Any,Weather:,Any,
Crimsonfish (Summer)**,images/Crimsonfish.png,pyimage109,False,Fishing,8,2,Time:,Anytime,Location:,East Pier on the Beach,Season:,Summer,Weather:,Any,
Angler (Fall)**,images/Angler.png,pyimage110,False,Fishing,9,2,Time:,Anytime,Location:,North of Jojamart on wooden plank bridge,Season:,Fall,Weather:,Any,
Ice Pip,images/Ice_Pip.png,pyimage111,False,Fishing,0,3,Time:,Anytime,Location:,Mines 60F,Season:,Any,Weather:,Any,
Lava Eel,images/Lava_Eel.png,pyimage112,False,Fishing,1,3,Time:,Anytime,Location:,"Mines 100F, Volcano Caldera",Season:,Any,Weather:,Any,
Legend (Spring)**,images/Legend.png,pyimage113,False,Fishing,2,3,Time:,Anytime,Location:,The Mountain Lake near the log,Season:,Spring,Weather:,Rain,
Sandfish,images/Sandfish.png,pyimage114,False,Fishing,3,3,Time:,6am - 8pm,Location:,The Desert,Season:,Any,Weather:,Any,
Scorpion Carp,images/Scorpion_Carp.png,pyimage115,False,Fishing,4,3,Time:,6am - 8pm,Location:,The Desert,Season:,Any,Weather:,Any,
Flounder,images/Flounder.png,pyimage116,False,Fishing,5,3,Time:,6am - 8pm,Location:,"Ocean, Ginger Island oceans",Season:,"Spring, Summer",Weather:,Any,
Midnight Carp,images/Midnight_Carp.png,pyimage117,False,Fishing,6,3,Time:,10pm - 2am,Location:,"Mountain Lake, Cindersap Forest Pond, Ginger Island Pond & River",Season:,"Fall, Winter",Weather:,Any,
Mutant Carp (Any)**,images/Mutant_Carp.png,pyimage118,False,Fishing,7,3,Time:,Anytime,Location:,Sewers,Season:,Any,Weather:,Any,
Sturgeon,images/Sturgeon.png,pyimage119,False,Fishing,8,3,Time:,6am - 7pm,Location:,Mountain Lake,Season:,Summer,Weather:,Any,
Tiger Trout,images/Tiger_Trout.png,pyimage120,False,Fishing,9,3,Time:,6am - 7pm,Location:,River (Town+Forest),Season:,"Fall, Winter",Weather:,Any,
Bullhead,images/Bullhead.png,pyimage121,False,Fishing,0,4,Time:,Anytime,Location:,Mountain Lake,Season:,Any,Weather:,Any,
Tilapia,images/Tilapia.png,pyimage122,False,Fishing,1,4,Time:,6am - 2pm,Location:,"Ocean, Ginger Island rivers",Season:,"Summer, Fall",Weather:,Any,
Chub,images/Chub.png,pyimage123,False,Fishing,2,4,Time:,Anytime,Location:,"Forest River, Mountain Lake",Season:,Any,Weather:,Any,
Dorado,images/Dorado.png,pyimage124,False,Fishing,3,4,Time:,6am - 7pm,Location:,River (Forest),Season:,Summer,Weather:,Any,
Albacore,images/Albacore.png,pyimage125,False,Fishing,4,4,Time:,"6am - 11am, 6pm - 2am",Location:,Ocean,Season:,"Fall, Winter",Weather:,Any,
Shad,images/Shad.png,pyimage126,False,Fishing,5,4,Time:,9am - 2am,Location:,River (Town+Forest),Season:,"Spring, Summer, Fall",Weather:,Rain,
Lingcod,images/Lingcod.png,pyimage127,False,Fishing,6,4,Time:,Anytime,Location:,"River (Town+Forest), Mountain Lake",Season:,Winter,Weather:,Any,
Halibut,images/Halibut.png,pyimage128,False,Fishing,7,4,Time:,"6am - 11am, 7pm-2am",Location:,Ocean,Season:,"Spring, Summer, Winter",Weather:,Any,
Lobster,images/Lobster.png,pyimage129,False,Fishing,8,4,Time:,Anytime,Location:,Ocean,Season:,Any,Weather:,Any,
Crayfish,images/Crayfish.png,pyimage130,False,Fishing,9,4,Time:,Anytime,Location:,Freshwater,Season:,Any,Weather:,Any,
Crab,images/Crab.png,pyimage131,False,Fishing,0,5,Time:,Anytime,Location:,Ocean,Season:,Any,Weather:,Any,
Cockle,images/Cockle.png,pyimage132,False,Fishing,1,5,Time:,Anytime,Location:,Ocean,Season:,Any,Weather:,Any,
Mussel,images/Mussel.png,pyimage133,False,Fishing,2,5,Time:,Anytime,Location:,Ocean,Season:,Any,Weather:,Any,
Shrimp,images/Shrimp.png,pyimage134,False,Fishing,3,5,Time:,Anytime,Location:,Ocean,Season:,Any,Weather:,Any,
Snail,images/Snail.png,pyimage135,False,Fishing,4,5,Time:,Anytime,Location:,Freshwater,Season:,Any,Weather:,Any,
Periwinkle,images/Periwinkle.png,pyimage136,False,Fishing,5,5,Time:,Anytime,Location:,Freshwater,Season:,Any,Weather:,Any,
Oyster,images/Oyster.png,pyimage137,False,Fishing,6,5,Time:,Anytime,Location:,Ocean,Season:,Any,Weather:,Any,
Woodskip,images/Woodskip.png,pyimage138,False,Fishing,7,5,Time:,Anytime,Location:,"Secret Woods Pond, Forest Farm",Season:,Any,Weather:,Any,
Glacierfish (Winter)**,images/Glacierfish.png,pyimage139,False,Fishing,8,5,Time:,Anytime,Location:,South end of Arrowhead Island in Cindersap Forest,Season:,Winter,Weather:,any,
Void Salmon,images/Void_Salmon.png,pyimage140,False,Fishing,9,5,Time:,Anytime,Location:,Witch's Swamp,Season:,Any,Weather:,Any,
Slimejack,images/Slimejack.png,pyimage141,False,Fishing,0,6,Time:,Anytime,Location:,Mutant Bug Lair,Season:,Any,Weather:,Any,
Midnight Squid,images/Midnight_Squid.png,pyimage142,False,Fishing,1,6,Time:,Anytime,Location:,Night Market,Season:,"Fall, Winter",Weather:,Any,
Spook Fish,images/Spook_Fish.png,pyimage143,False,Fishing,2,6,Time:,Anytime,Location:,Night Market,Season:,Winter,Weather:,Any,
Blobfish,images/Blobfish.png,pyimage144,False,Fishing,3,6,Time:,Anytime,Location:,Night Market,Season:,Winter,Weather:,Any,
Stingray,images/Stingray.png,pyimage145,False,Fishing,4,6,Time:,Anytime,Location:,Pirate Cove (Ginger Island),Season:,Any,Weather:,Any,
Lionfish,images/Lionfish.png,pyimage146,False,Fishing,5,6,Time:,Anytime,Location:,Ginger Island Ocean,Season:,Any,Weather:,Any,
Blue Discus,images/Blue_Discus.png,pyimage147,False,Fishing,6,6,Time:,Anytime,Location:,Ginger Island Pond and Rivers,Season:,Any,Weather:,Any,
Wild Horseradish,images/Wild_Horseradish.png,pyimage148,False,Ship 1,0,0,,,,,,,,,
Daffodil,images/Daffodil.png,pyimage149,False,Ship 1,1,0,,,,,,,,,
Leek,images/Leek.png,pyimage150,False,Ship 1,2,0,,,,,,,,,
Dandelion,images/Dandelion.png,pyimage151,False,Ship 1,3,0,,,,,,,,,
Parsnip,images/Parsnip.png,pyimage152,False,Ship 1,4,0,,,,,,,,,
Cave Carrot,images/Cave_Carrot.png,pyimage153,False,Ship 1,5,0,,,,,,,,,
Coconut,images/Coconut.png,pyimage154,False,Ship 1,6,0,,,,,,,,,
Cactus Fruit,images/Cactus_Fruit.png,pyimage155,False,Ship 1,7,0,,,,,,,,,
Banana,images/Banana.png,pyimage156,False,Ship 1,8,0,,,,,,,,,
Sap,images/Sap.png,pyimage157,False,Ship 1,9,0,,,,,,,,,
Large Egg,images/Large_Egg.png,pyimage158,False,Ship 1,0,1,,,,,,,,,
Egg,images/Egg.png,pyimage159,False,Ship 1,1,1,,,,,,,,,
Brown Egg,images/Brown_Egg.png,pyimage160,False,Ship 1,2,1,,,,,,,,,
Large Brown Egg,images/Large_Brown_Egg.png,pyimage161,False,Ship 1,3,1,,,,,,,,,
Milk,images/Milk.png,pyimage162,False,Ship 1,4,1,,,,,,,,,
Large Milk,images/Large_Milk.png,pyimage163,False,Ship 1,5,1,,,,,,,,,
Green Bean,images/Green_Bean.png,pyimage164,False,Ship 1,6,1,,,,,,,,,
Cauliflower,images/Cauliflower.png,pyimage165,False,Ship 1,7,1,,,,,,,,,
Potato,images/Potato.png,pyimage166,False,Ship 1,8,1,,,,,,,,,
Garlic,images/Garlic.png,pyimage167,False,Ship 1,9,1,,,,,,,,,
Kale,images/Kale.png,pyimage168,False,Ship 1,0,2,,,,,,,,,
Rhubarb,images/Rhubarb.png,pyimage169,False,Ship 1,1,2,,,,,,,,,
Melon,images/Melon.png,pyimage170,False,Ship 1,2,2,,,,,,,,,
Tomato,images/Tomato.png,pyimage171,False,Ship 1,3,2,,,,,,,,,
Morel,images/Morel.png,pyimage172,False,Ship 1,4,2,,,,,,,,,
Blueberry,images/Blueberry.png,pyimage173,False,Ship 1,5,2,,,,,,,,,
Fiddlehead Fern,images/Fiddlehead_Fern.png,pyimage174,False,Ship 1,6,2,,,,,,,,,
Hot Pepper,images/Hot_Pepper.png,pyimage175,False,Ship 1,7,2,,,,,,,,,
Wheat,images/Wheat.png,pyimage176,False,Ship 1,8,2,,,,,,,,,
Radish,images/Radish.png,pyimage177,False,Ship 1,9,2,,,,,,,,,
Red Cabbage,images/Red_Cabbage.png,pyimage178,False,Ship 1,0,3,,,,,,,,,
Starfruit,images/Starfruit.png,pyimage179,False,Ship 1,1,3,,,,,,,,,
Corn,images/Corn.png,pyimage180,False,Ship 1,2,3,,,,,,,,,
Unmilled Rice,images/Unmilled_Rice.png,pyimage181,False,Ship 1,3,3,,,,,,,,,
Eggplant,images/Eggplant.png,pyimage182,False,Ship 1,4,3,,,,,,,,,
Artichoke,images/Artichoke.png,pyimage183,False,Ship 1,5,3,,,,,,,,,
Pumpkin,images/Pumpkin.png,pyimage184,False,Ship 1,6,3,,,,,,,,,
Bok Choy,images/Bok_Choy.png,pyimage185,False,Ship 1,7,3,,,,,,,,,
Yam,images/Yam.png,pyimage186,False,Ship 1,8,3,,,,,,,,,
Chanterelle,images/Chanterelle.png,pyimage187,False,Ship 1,9,3,,,,,,,,,
Cranberries,images/Cranberries.png,pyimage188,False,Ship 1,0,4,,,,,,,,,
Holly,images/Holly.png,pyimage189,False,Ship 1,1,4,,,,,,,,,
Beet,images/Beet.png,pyimage190,False,Ship 1,2,4,,,,,,,,,
Ostrich Egg,images/Ostrich_Egg.png,pyimage191,False,Ship 1,3,4,,,,,,,,,
Salmonberry,images/Salmonberry.png,pyimage192,False,Ship 1,4,4,,,,,,,,,
Amaranth,images/Amaranth.png,pyimage193,False,Ship 1,5,4,,,,,,,,,
Pale Ale,images/Pale_Ale.png,pyimage194,False,Ship 1,6,4,,,,,,,,,
Hops,images/Hops.png,pyimage195,False,Ship 1,7,4,,,,,,,,,
Void Egg,images/Void_Egg.png,pyimage196,False,Ship 1,8,4,,,,,,,,,
Mayo,images/Mayonnaise.png,pyimage197,False,Ship 1,9,4,,,,,,,,,
Duck Mayo,images/Duck_Mayonnaise.png,pyimage198,False,Ship 1,0,5,,,,,,,,,
Void Mayo,images/Void_Mayonnaise.png,pyimage199,False,Ship 1,1,5,,,,,,,,,
Clay,images/Clay.png,pyimage200,False,Ship 1,2,5,,,,,,,,,
Copper Bar,images/Copper_Bar.png,pyimage201,False,Ship 1,3,5,,,,,,,,,
Iron Bar,images/Iron_Bar.png,pyimage202,False,Ship 1,4,5,,,,,,,,,
Gold Bar,images/Gold_Bar.png,pyimage203,False,Ship 1,5,5,,,,,,,,,
Iridium Bar,images/Iridium_Bar.png,pyimage204,False,Ship 1,6,5,,,,,,,,,
Refined Quartz,images/Refined_Quartz.png,pyimage205,False,Ship 1,7,5,,,,,,,,,
Honey,images/Honey.png,pyimage206,False,Ship 1,8,5,,,,,,,,,
Pickles,images/Pickles.png,pyimage207,False,Ship 1,9,5,,,,,,,,,
Jelly,images/Jelly.png,pyimage208,False,Ship 1,0,6,,,,,,,,,
Beer,images/Beer.png,pyimage209,False,Ship 1,1,6,,,,,,,,,
Wine,images/Wine.png,pyimage210,False,Ship 1,2,6,,,,,,,,,
Juice,images/Juice.png,pyimage211,False,Ship 1,3,6,,,,,,,,,
Clam,images/Clam.png,pyimage212,False,Ship 1,4,6,,,,,,,,,
Poppy,images/Poppy.png,pyimage213,False,Ship 1,5,6,,,,,,,,,
Copper Ore,images/Copper_Ore.png,pyimage214,False,Ship 1,6,6,,,,,,,,,
Iron Ore,images/Iron_Ore.png,pyimage215,False,Ship 1,7,6,,,,,,,,,
Coal,images/Coal.png,pyimage216,False,Ship 1,8,6,,,,,,,,,
Gold Ore,images/Gold_Ore.png,pyimage217,False,Ship 1,9,6,,,,,,,,,
Iridium Ore,images/Iridium_Ore.png,pyimage218,False,Ship 2,0,0,,,,,,,,,
Wood,images/Wood.png,pyimage219,False,Ship 2,1,0,,,,,,,,,
Stone,images/Stone.png,pyimage220,False,Ship 2,2,0,,,,,,,,,
Nautilus Shell,images/Nautilus_Shell.png,pyimage221,False,Ship 2,3,0,,,,,,,,,
Coral,images/Coral.png,pyimage222,False,Ship 2,4,0,,,,,,,,,
Rainbow Shell,images/Rainbow_Shell.png,pyimage223,False,Ship 2,5,0,,,,,,,,,
Spice Berry,images/Spice_Berry.png,pyimage224,False,Ship 2,6,0,,,,,,,,,
Sea Urchin,images/Sea_Urchin.png,pyimage225,False,Ship 2,7,0,,,,,,,,,
Grape,images/Grape.png,pyimage226,False,Ship 2,8,0,,,,,,,,,
Spring Onion,images/Spring_Onion.png,pyimage227,False,Ship 2,9,0,,,,,,,,,
Strawberry,images/Strawberry.png,pyimage228,False,Ship 2,0,1,,,,,,,,,
Sweet Pea,images/Sweet_Pea.png,pyimage229,False,Ship 2,1,1,,,,,,,,,
Com. Mushroom,images/Common_Mushroom.png,pyimage230,False,Ship 2,2,1,,,,,,,,,
Wild Plum,images/Wild_Plum.png,pyimage231,False,Ship 2,3,1,,,,,,,,,
Hazelnut,images/Hazelnut.png,pyimage232,False,Ship 2,4,1,,,,,,,,,
Blackberry,images/Blackberry.png,pyimage233,False,Ship 2,5,1,,,,,,,,,
Winter Root,images/Winter_Root.png,pyimage234,False,Ship 2,6,1,,,,,,,,,
Crystal Fruit,images/Crystal_Fruit.png,pyimage235,False,Ship 2,7,1,,,,,,,,,
Snow Yam,images/Snow_Yam.png,pyimage236,False,Ship 2,8,1,,,,,,,,,
Sweet Gem Berry,images/Sweet_Gem_Berry.png,pyimage237,False,Ship 2,9,1,,,,,,,,,
Crocus,images/Crocus.png,pyimage238,False,Ship 2,0,2,,,,,,,,,
Red Mushroom,images/Red_Mushroom.png,pyimage239,False,Ship 2,1,2,,,,,,,,,
Sunflower,images/Sunflower.png,pyimage240,False,Ship 2,2,2,,,,,,,,,
Purple Mushroom,images/Purple_Mushroom.png,pyimage241,False,Ship 2,3,2,,,,,,,,,
Cheese,images/Cheese.png,pyimage242,False,Ship 2,4,2,,,,,,,,,
Goat Cheese,images/Goat_Cheese.png,pyimage243,False,Ship 2,5,2,,,,,,,,,
Cloth,images/Cloth.png,pyimage244,False,Ship 2,6,2,,,,,,,,,
Truffle,images/Truffle.png,pyimage245,False,Ship 2,7,2,,,,,,,,,
Truffle Oil,images/Truffle_Oil.png,pyimage246,False,Ship 2,8,2,,,,,,,,,
Coffee Bean,images/Coffee_Bean.png,pyimage247,False,Ship 2,9,2,,,,,,,,,
Goat Milk,images/Goat_Milk.png,pyimage248,False,Ship 2,0,3,,,,,,,,,
Large Goat Milk,images/Large_Goat_Milk.png,pyimage249,False,Ship 2,1,3,,,,,,,,,
Wool,images/Wool.png,pyimage250,False,Ship 2,2,3,,,,,,,,,
Duck Egg,images/Duck_Egg.png,pyimage251,False,Ship 2,3,3,,,,,,,,,
Duck Feather,images/Duck_Feather.png,pyimage252,False,Ship 2,4,3,,,,,,,,,
Caviar,images/Caviar.png,pyimage253,False,Ship 2,5,3,,,,,,,,,
Rabbit's Foot,images/Rabbit's_Foot.png,pyimage254,False,Ship 2,6,3,,,,,,,,,
Aged Roe,images/Aged_Roe.png,pyimage255,False,Ship 2,7,3,,,,,,,,,
Ancient Fruit,images/Ancient_Fruit.png,pyimage256,False,Ship 2,8,3,,,,,,,,,
Mead,images/Mead.png,pyimage257,False,Ship 2,9,3,,,,,,,,,
Tulip,images/Tulip.png,pyimage258,False,Ship 2,0,4,,,,,,,,,
Summer Spangle,images/Summer_Spangle.png,pyimage259,False,Ship 2,1,4,,,,,,,,,
Fairy Rose,images/Fairy_Rose.png,pyimage260,False,Ship 2,2,4,,,,,,,,,
Blue Jazz,images/Blue_Jazz.png,pyimage261,False,Ship 2,3,4,,,,,,,,,
Apple,images/Apple.png,pyimage262,False,Ship 2,4,4,,,,,,,,,
Green Tea,images/Green_Tea.png,pyimage263,False,Ship 2,5,4,,,,,,,,,
Apricot,images/Apricot.png,pyimage264,False,Ship 2,6,4,,,,,,,,,
Orange,images/Orange.png,pyimage265,False,Ship 2,7,4,,,,,,,,,
Peach,images/Peach.png,pyimage266,False,Ship 2,8,4,,,,,,,,,
Pomegranate,images/Pomegranate.png,pyimage267,False,Ship 2,9,4,,,,,,,,,
Cherry,images/Cherry.png,pyimage268,False,Ship 2,0,5,,,,,,,,,
Bug Meat,images/Bug_Meat.png,pyimage269,False,Ship 2,1,5,,,,,,,,,
Hardwood,images/Hardwood.png,pyimage270,False,Ship 2,2,5,,,,,,,,,
Maple Syrup,images/Maple_Syrup.png,pyimage271,False,Ship 2,3,5,,,,,,,,,
Oak Resin,images/Oak_Resin.png,pyimage272,False,Ship 2,4,5,,,,,,,,,
Pine Tar,images/Pine_Tar.png,pyimage273,False,Ship 2,5,5,,,,,,,,,
Slime,images/Slime.png,pyimage274,False,Ship 2,6,5,,,,,,,,,
Bat Wing,images/Bat_Wing.png,pyimage275,False,Ship 2,7,5,,,,,,,,,
Solar Essence,images/Solar_Essence.png,pyimage276,False,Ship 2,8,5,,,,,,,,,
Void Essence,images/Void_Essence.png,pyimage277,False,Ship 2,9,5,,,,,,,,,
Fiber,images/Fiber.png,pyimage278,False,Ship 2,0,6,,,,,,,,,
Battery Pack,images/Battery_Pack.png,pyimage279,False,Ship 2,1,6,,,,,,,,,
Dinosaur Mayo,images/Dinosaur_Mayonnaise.png,pyimage280,False,Ship 2,2,6,,,,,,,,,
Roe,images/Roe.png,pyimage281,False,Ship 2,3,6,,,,,,,,,
Squid Ink,images/Squid_Ink.png,pyimage282,False,Ship 2,4,6,,,,,,,,,
Tea Leaves,images/Tea_Leaves.png,pyimage283,False,Ship 2,5,6,,,,,,,,,
Ginger,images/Ginger.png,pyimage284,False,Ship 2,6,6,,,,,,,,,
Taro Root,images/Taro_Root.png,pyimage285,False,Ship 2,7,6,,,,,,,,,
Pineapple,images/Pineapple.png,pyimage286,False,Ship 2,8,6,,,,,,,,,
Mango,images/Mango.png,pyimage287,False,Ship 2,9,6,,,,,,,,,
Cinder Shard,images/Cinder_Shard.png,pyimage288,False,Ship 2,0,7,,,,,,,,,
Magma Cap,images/Magma_Cap.png,pyimage289,False,Ship 2,1,7,,,,,,,,,
Bone Fragment,images/Bone_Fragment.png,pyimage290,False,Ship 2,2,7,,,,,,,,,
Radioactive Ore,images/Radioactive_Ore.png,pyimage291,False,Ship 2,3,7,,,,,,,,,
Radioactive Bar,images/Radioactive_Bar.png,pyimage292,False,Ship 2,4,7,,,,,,,,,
Dwarf Scroll I,images/Dwarf_Scroll_I.png,pyimage293,False,Artifacts,0,0,Source:,"Tilling in Mines/Skull Cavern, Several monsters",,,,,,,
Dwarf Scroll II,images/Dwarf_Scroll_II.png,pyimage294,False,Artifacts,1,0,Source:,"Tilling in Mines, Ghost, Frost Bat, Dust Sprite, Blue Slime",,,,,,,
Dwarf Scroll III,images/Dwarf_Scroll_III.png,pyimage295,False,Artifacts,2,0,Source:,Several monsters drop,,,,,,,
Dwarf Scroll IV,images/Dwarf_Scroll_IV.png,pyimage296,False,Artifacts,3,0,Source:,Any Monster ,,,,,,,
Chipped Amphora,images/Chipped_Amphora.png,pyimage297,False,Artifacts,4,0,Source:,"Town, Artifact Trove",,,,,,,
Arrowhead,images/Arrowhead.png,pyimage298,False,Artifacts,5,0,Source:,"Mountain, Forest, Bus Stop, Artifact Trove",,,,,,,
Ancient Doll,images/Ancient_Doll.png,pyimage299,False,Artifacts,6,0,Source:,"Mountain, Bus Stop, Town, Fishing Chest, Feast of the Winter Star, Artifact Trove",,,,,,,
Elvish Jewelry,images/Elvish_Jewelry.png,pyimage300,False,Artifacts,7,0,Source:,"Forest, Fishing Chest, Artifact Trove",,,,,,,
Chewing Stick,images/Chewing_Stick.png,pyimage301,False,Artifacts,8,0,Source:,"Mountain, Forest, Town, Fishing Chest, Artifact Trove",,,,,,,
Ornamental Fan,images/Ornamental_Fan.png,pyimage302,False,Artifacts,9,0,Source:,"Beach, Forest, Town, Fishing Chest, Artifact Trove",,,,,,,
Dinosaur Egg,images/Dinosaur_Egg.png,pyimage303,False,Artifacts,0,1,Source:,"Mountain, Fishing Chest",,,,,,,
Rare Disc,images/Rare_Disc.png,pyimage304,False,Artifacts,1,1,Source:,"Fishing Chest, Drop from Bats, Shadow Brute, or Shadow Shaman, Artifact Trove",,,,,,,
Ancient Sword,images/Ancient_Sword.png,pyimage305,False,Artifacts,2,1,Source:,"Forest, Mountain, Fishing Chest, Artifact Trove",,,,,,,
Rusty Spoon,images/Rusty_Spoon.png,pyimage306,False,Artifacts,3,1,Source:,"Town, Artifact Trove",,,,,,,
Rusty Spur,images/Rusty_Spur.png,pyimage307,False,Artifacts,4,1,Source:,"Farm, Fishing Chest, Artifact Trove",,,,,,,
Rusty Cog,images/Rusty_Cog.png,pyimage308,False,Artifacts,5,1,Source:,"Mountain, Tilling in Mines/Skull Cavern, Fishing Chest, Artifact Trove",,,,,,,
Chicken Statue,images/Chicken_Statue.png,pyimage309,False,Artifacts,6,1,Source:,"Farm, Fishing Chest, Artifact Trove",,,,,,,
Ancient Seed,images/Ancient_Seed.png,pyimage310,False,Artifacts,7,1,Source:,"Forest, Mountain, Fishing Chest, Artifact Trove, ",,,,,,,
Prehistoric Tool,images/Prehistoric_Tool.png,pyimage311,False,Artifacts,8,1,Source:,"Bus Stop, Mountain, Fishing Chest, Artifact Trove",,,,,,,
Dried Starfish,images/Dried_Starfish.png,pyimage312,False,Artifacts,9,1,Source:,"Beach, Fishing Chest, Artifact Trove",,,,,,,
Anchor,images/Anchor.png,pyimage313,False,Artifacts,0,2,Source:,"Beach, Fishing Chest, Artifact Trove",,,,,,,
Glass Shards,images/Glass_Shards.png,pyimage314,False,Artifacts,1,2,Source:,"Beach, Fishing Chest, Artifact Trove",,,,,,,
Bone Flute,images/Bone_Flute.png,pyimage315,False,Artifacts,2,2,Source:,"Forest, Mountain, Town, Fishing Chest, Artifact Trove",,,,,,,
Prehistoric Handaxe,images/Prehistoric_Handaxe.png,pyimage316,False,Artifacts,3,2,Source:,"Bus Stop, Mountain, Forest, Artifact Trove",,,,,,,
Dwarvish Helm,images/Dwarvish_Helm.png,pyimage317,False,Artifacts,4,2,Source:,"Tilling in Mines, Geode, Omni Geode, Artifact Trove",,,,,,,
Dwarf Gadget,images/Dwarf_Gadget.png,pyimage318,False,Artifacts,5,2,Source:,"Tilling in Mines, Magma Geode, Omni Geode, Artifact Trove",,,,,,,
Ancient Drum,images/Ancient_Drum.png,pyimage319,False,Artifacts,6,2,Source:,"Bus Stop, Forest, Town, Frozen Geode, Omni Geode, Artifact Trove",,,,,,,
Golden Mask,images/Golden_Mask.png,pyimage320,False,Artifacts,7,2,Source:,"Desert, Artifact Trove",,,,,,,
Golden Relic,images/Golden_Relic.png,pyimage321,False,Artifacts,8,2,Source:,"Desert, Artifact Trove",,,,,,,
Strange Doll,images/Strange_Doll_(green).png,pyimage322,False,Artifacts,9,2,Source:,"Farm, Bus Stop, Town, Forest, Mountain, Beach, Tilling in Mines/Skull Cavern, Fishing Chest, Secret Note #17",,,,,,,
Strange Doll,images/Strange_Doll_(yellow).png,pyimage323,False,Artifacts,0,3,Source:,"Farm, Bus Stop, Town, Forest, Mountain, Beach, Tilling in Mines/Skull Cavern, Fishing Chest, Secret Note #18",,,,,,,
Prehistoric Scapula,images/Prehistoric_Scapula.png,pyimage324,False,Artifacts,1,3,Source:,Forest ,,,,,,,
Prehistoric Tibia,images/Prehistoric_Tibia.png,pyimage325,False,Artifacts,2,3,Source:,"Railroad, Pepper Rexdrop ",,,,,,,
Prehistoric Skull,images/Prehistoric_Skull.png,pyimage326,False,Artifacts,3,3,Source:,Mountain,,,,,,,
Skeletal Hand,images/Skeletal_Hand.png,pyimage327,False,Artifacts,4,3,Source:,Backwoods ,,,,,,,
Prehistoric Rib,images/Prehistoric_Rib.png,pyimage328,False,Artifacts,5,3,Source:,"Town, Pepper Rexdrop ",,,,,,,
Prehistoric Vertebra,images/Prehistoric_Vertebra.png,pyimage329,False,Artifacts,6,3,Source:,Bus Stop ,,,,,,,
Skeletal Tail,images/Skeletal_Tail.png,pyimage330,False,Artifacts,7,3,Source:,"Tilling in Mines/Skull Cavern, Fishing Chest",,,,,,,
Nautilus Fossil,images/Nautilus_Fossil.png,pyimage331,False,Artifacts,8,3,Source:,"Beach, Fishing Chest",,,,,,,
Amphibian Fossil,images/Amphibian_Fossil.png,pyimage332,False,Artifacts,9,3,Source:,"Forest, Mountain, Fishing Chest",,,,,,,
Palm Fossil,images/Palm_Fossil.png,pyimage333,False,Artifacts,0,4,Source:,Desert ,,,,,,,
Trilobite,images/Trilobite.png,pyimage334,False,Artifacts,1,4,Source:,"Beach, Mountain ",,,,,,,
Emerald,images/Emerald.png,pyimage335,False,Gems,0,0,Source:,"Emerald Node, Gem Node, Panning, Garbage Can, Fishing Chest, Feast of the Winter Star",,,,,,,
Aquamarine,images/Aquamarine.png,pyimage336,False,Gems,1,0,Source:,"Aquamarine Node, Gem Node, Panning, Garbage Can, Fishing Chest",,,,,,,
Ruby,images/Ruby.png,pyimage337,False,Gems,2,0,Source:,"Ruby Node, Gem Node, Panning, Garbage Can, Fishing Chest, Feast of the Winter Star",,,,,,,
Amethyst,images/Amethyst.png,pyimage338,False,Gems,3,0,Source:,"Amethyst Node, Gem Node, Green Slimes, Panning, Garbage Can, Fishing Chest ",,,,,,,
Topaz,images/Topaz.png,pyimage339,False,Gems,4,0,Source:,"Topaz Node.pngTopaz NodeGem Node, Panning, Garbage Can, Fishing Chest",,,,,,,
Jade,images/Jade.png,pyimage340,False,Gems,5,0,Source:,"Jade Node, Gem Node, Blue Slimes, Garbage Can, Fishing Chest, Feast of the Winter Star",,,,,,,
Diamond,images/Diamond.png,pyimage341,False,Gems,6,0,Source:,"Diamond NodeGem Node, Panning, Garbage Can, Fishing Chest, Any monster after reaching the bottom of the mines",,,,,,,
Prismatic Shard,images/Prismatic_Shard.png,pyimage342,False,Gems,7,0,Source:,"Iridium Node, Shadow Brute, Shadow Shaman, Mummy, Serpent, Fishing Chest, Any monster after reaching the bottom of the mines",,,,,,,
Quartz,images/Quartz.png,pyimage343,False,Gems,8,0,Source:,The Mines,,,,,,,
Fire Quartz,images/Fire_Quartz.png,pyimage344,False,Gems,9,0,Source:,"The Mines, Fishing Chest, Panning, Magma Geode, Omni Geode, Garbage Can",,,,,,,
Frozen Tear,images/Frozen_Tear.png,pyimage345,False,Gems,0,1,Source:,"The Mines, Garbage Can",,,,,,,
Earth Crystal,images/Earth_Crystal.png,pyimage346,False,Gems,1,1,Source:,"The Mines, Fishing Chest, Panning, Geode, Omni Geode, Garbage Can",,,,,,,
Alamite,images/Alamite.png,pyimage347,False,Gems,2,1,Source:,"Geode, Omni Geode",,,,,,,
Bixite,images/Bixite.png,pyimage348,False,Gems,3,1,Source:,"Magma Geode, Omni Geode, Black Slime",,,,,,,
Baryte,images/Baryte.png,pyimage349,False,Gems,4,1,Source:,"Magma Geode, Omni Geode",,,,,,,
Aerinite,images/Aerinite.png,pyimage350,False,Gems,5,1,Source:,"Frozen Geode, Omni Geode",,,,,,,
Calcite,images/Calcite.png,pyimage351,False,Gems,6,1,Source:,"Geode, Omni Geode",,,,,,,
Dolomite,images/Dolomite.png,pyimage352,False,Gems,7,1,Source:,"Magma Geode, Omni Geode",,,,,,,
Esperite,images/Esperite.png,pyimage353,False,Gems,8,1,Source:,"Frozen Geode, Omni Geode",,,,,,,
Fluorapatite,images/Fluorapatite.png,pyimage354,False,Gems,9,1,Source:,"Frozen Geode, Omni Geode",,,,,,,
Geminite,images/Geminite.png,pyimage355,False,Gems,0,2,Source:,"Frozen Geode, Omni Geode",,,,,,,
Helvite,images/Helvite.png,pyimage356,False,Gems,1,2,Source:,"Magma Geode, Omni Geode",,,,,,,
Jamborite,images/Jamborite.png,pyimage357,False,Gems,2,2,Source:,"Geode, Omni Geode",,,,,,,
Jagoite,images/Jagoite.png,pyimage358,False,Gems,3,2,Source:,"Geode, Omni Geode",,,,,,,
Kyanite,images/Kyanite.png,pyimage359,False,Gems,4,2,Source:,"Frozen Geode, Omni Geode",,,,,,,
Lunarite,images/Lunarite.png,pyimage360,False,Gems,5,2,Source:,"Frozen Geode, Omni Geode",,,,,,,
Malachite,images/Malachite.png,pyimage361,False,Gems,6,2,Source:,"Geode, Omni Geode",,,,,,,
Neptunite,images/Neptunite.png,pyimage362,False,Gems,7,2,Source:,"Magma Geode, Omni Geode, Black Slime",,,,,,,
Lemon Stone,images/Lemon_Stone.png,pyimage363,False,Gems,8,2,Source:,"Magma Geode, Omni Geode",,,,,,,
Nekoite,images/Nekoite.png,pyimage364,False,Gems,9,2,Source:,"Geode, Omni Geode",,,,,,,
Orpiment,images/Orpiment.png,pyimage365,False,Gems,0,3,Source:,"Geode, Omni Geode",,,,,,,
Petrified Slime,images/Petrified_Slime.png,pyimage366,False,Gems,1,3,Source:,"Geode, Omni Geode, Slime Ball",,,,,,,
Thunder Egg,images/Thunder_Egg.png,pyimage367,False,Gems,2,3,Source:,"Geode, Omni Geode",,,,,,,
Pyrite,images/Pyrite.png,pyimage368,False,Gems,3,3,Source:,"Frozen Geode, Omni Geode",,,,,,,
Ocean Stone,images/Ocean_Stone.png,pyimage369,False,Gems,4,3,Source:,"Frozen Geode, Omni Geode",,,,,,,
Ghost Crystal,images/Ghost_Crystal.png,pyimage370,False,Gems,5,3,Source:,"Frozen Geode, Omni Geode",,,,,,,
Tigerseye,images/Tigerseye.png,pyimage371,False,Gems,6,3,Source:,"Magma Geode, Omni Geode",,,,,,,
Jasper,images/Jasper.png,pyimage372,False,Gems,7,3,Source:,"Magma Geode, Omni Geode",,,,,,,
Opal,images/Opal.png,pyimage373,False,Gems,8,3,Source:,"Frozen Geode, Omni Geode",,,,,,,
Fire Opal,images/Fire_Opal.png,pyimage374,False,Gems,9,3,Source:,"Magma Geode, Omni Geode",,,,,,,
Celestine,images/Celestine.png,pyimage375,False,Gems,0,4,Source:,"Geode, Omni Geode",,,,,,,
Marble,images/Marble.png,pyimage376,False,Gems,1,4,Source:,"Frozen Geode, Omni Geode",,,,,,,
Sandstone,images/Sandstone.png,pyimage377,False,Gems,2,4,Source:,"Geode, Omni Geode",,,,,,,
Granite,images/Granite.png,pyimage378,False,Gems,3,4,Source:,"Geode, Omni Geode",,,,,,,
Basalt,images/Basalt.png,pyimage379,False,Gems,4,4,Source:,"Magma Geode, Omni Geode",,,,,,,
Limestone,images/Limestone.png,pyimage380,False,Gems,5,4,Source:,"Geode, Omni Geode",,,,,,,
Soapstone,images/Soapstone.png,pyimage381,False,Gems,6,4,Source:,"Frozen Geode, Omni Geode",,,,,,,
Hematite,images/Hematite.png,pyimage382,False,Gems,7,4,Source:,"Frozen Geode, Omni Geode",,,,,,,
Mudstone,images/Mudstone.png,pyimage383,False,Gems,8,4,Source:,"Geode, Omni Geode",,,,,,,
Obsidian,images/Obsidian.png,pyimage384,False,Gems,9,4,Source:,"Magma Geode, Omni Geode",,,,,,,
Slate,images/Slate.png,pyimage385,False,Gems,0,5,Source:,"Geode, Omni Geode",,,,,,,
Fairy Stone,images/Fairy_Stone.png,pyimage386,False,Gems,1,5,Source:,"Frozen Geode, Omni Geode",,,,,,,
Star Shards,images/Star_Shards.png,pyimage387,False,Gems,2,5,Source:,"Magma Geode, Omni Geode",,,,,,,
Greenhorn,images/Achievement_Star_01.png,pyimage388,False,Achieves,0,0,Achievement:,"Earn 15,000g",,,,,,,
Cowpoke,images/Achievement_Star_02.png,pyimage389,False,Achieves,1,0,Achievement:,"Earn 50,000g",,,,,,,
Homesteader,images/Achievement_Star_03.png,pyimage390,False,Achieves,2,0,Achievement:,"Earn 250,000g",,,,,,,
Millionaire,images/Achievement_Star_04.png,pyimage391,False,Achieves,3,0,Achievement:,"Earn 1,000,000g",,,,,,,
Legend,images/Achievement_Star_03.png,pyimage392,False,Achieves,4,0,Achievement:,"Earn 10,000,000g (Secret Achievement)",,,,,,,
A Complete Collection,images/Achievement_Star_05.png,pyimage393,False,Achieves,5,0,Achievement:,Complete the museum collection.,,,,,,,
A New Friend,images/Achievement_Star_06.png,pyimage394,False,Achieves,6,0,Achievement:,Reach a 5-heart friend level with someone.,,,,,,,
Best Friends,images/Achievement_Star_05.png,pyimage395,False,Achieves,7,0,Achievement:,Reach a 10-heart friend level with someone.,,,,,,,
The Beloved Farmer,images/Achievement_Star_07.png,pyimage396,False,Achieves,8,0,Achievement:,Reach a 10-heart friend level with 8 people.,,,,,,,
Cliques,images/Achievement_Star_07.png,pyimage397,False,Achieves,9,0,Achievement:,Reach a 5-heart friend level with 4 people.,,,,,,,
Networking,images/Achievement_Star_08.png,pyimage398,False,Achieves,0,1,Achievement:,Reach a 5-heart friend level with 10 people.,,,,,,,
Popular,images/Achievement_Star_09.png,pyimage399,False,Achieves,1,1,Achievement:,Reach a 5-heart friend level with 20 people.,,,,,,,
Cook,images/Achievement_Star_09.png,pyimage400,False,Achieves,2,1,Achievement:,Cook 10 different recipes.,,,,,,,
Sous Chef,images/Achievement_Star_10.png,pyimage401,False,Achieves,3,1,Achievement:,Cook 25 different recipes.,,,,,,,
Gourmet Chef,images/Achievement_Star_11.png,pyimage402,False,Achieves,4,1,Achievement:,Cook every recipe.,,,,,,,
Moving Up,images/Achievement_Star_10.png,pyimage403,False,Achieves,5,1,Achievement:,Upgrade your house.,,,,,,,
Living Large,images/Achievement_Star_11.png,pyimage404,False,Achieves,6,1,Achievement:,"Upgrade your house to the maximum size. (2nd upgrade, not cellar)",,,,,,,
D.I.Y.,images/Achievement_Star_02.png,pyimage405,False,Achieves,7,1,Achievement:,Craft 15 different items.,,,,,,,
Artisan,images/Achievement_Star_01.png,pyimage406,False,Achieves,8,1,Achievement:,Craft 30 different items.,,,,,,,
Craft Master,images/Achievement_Star_02.png,pyimage407,False,Achieves,9,1,Achievement:,Craft every item.,,,,,,,
Fisherman,images/Achievement_Star_04.png,pyimage408,False,Achieves,0,2,Achievement:,Catch 10 different fish.,,,,,,,
Ol' Mariner,images/Achievement_Star_03.png,pyimage409,False,Achieves,1,2,Achievement:,Catch 24 different fish.,,,,,,,
Master Angler,images/Achievement_Star_04.png,pyimage410,False,Achieves,2,2,Achievement:,Catch every fish.,,,,,,,
Mother Catch,images/Achievement_Star_03.png,pyimage411,False,Achieves,3,2,Achievement:,Catch 100 fish.,,,,,,,
Treasure Trove,images/Achievement_Star_05.png,pyimage412,False,Achieves,4,2,Achievement:,Donate 40 different items to the museum.,,,,,,,
Gofer,images/Achievement_Star_06.png,pyimage413,False,Achieves,5,2,Achievement:,Complete 10 'Help Wanted' requests.,,,,,,,
A Big Help,images/Achievement_Star_05.png,pyimage414,False,Achieves,6,2,Achievement:,Complete 40 'Help Wanted' requests.,,,,,,,
Polyculture,images/Achievement_Star_08.png,pyimage415,False,Achieves,7,2,Achievement:,Ship 15 of each crop.,,,,,,,
Monoculture,images/Achievement_Star_07.png,pyimage416,False,Achieves,8,2,Achievement:,Ship 300 of one crop.,,,,,,,
Full Shipment,images/Achievement_Star_07.png,pyimage417,False,Achieves,9,2,Achievement:,Ship every item.,,,,,,,
Abigail,images/Abigail.png,pyimage418,False,Villagers,0,0,Loves:,"Blackberry Cobbler, Chocolate Cake, Spicy Eel, Pufferfish, Amethyst, Pumpkin",Birthday:,Fall 13,Hearts:,0,Gifts:,0,0
Alex,images/Alex.png,pyimage419,False,Villagers,1,0,Loves:,"Complete Breakfast, Salmon Dinner",Birthday:,Summer 13,Hearts:,0,Gifts:,0,0
Caroline,images/Caroline.png,pyimage420,False,Villagers,2,0,Loves:,"Fish Taco, Summer Spangle",Birthday:,Winter 7,Hearts:,0,Gifts:,0,0
Clint,images/Clint.png,pyimage421,False,Villagers,3,0,Loves:,"Emerald, Aquamarine, Ruby, Amethyst, Topaz, Jade, Gold Bar, Iridium Bar, Artichoke Dip, Fiddlehead Risotto, Omni Geode",Birthday:,Winter 26,Hearts:,0,Gifts:,0,0
Demetrius,images/Demetrius.png,pyimage422,False,Villagers,4,0,Loves:,"Bean Hotpot, Ice Cream, Rice Pudding, Strawberry",Birthday:,Summer 19,Hearts:,0,Gifts:,0,0
Dwarf,images/Dwarf.png,pyimage423,False,Villagers,5,0,Loves:,"Amethyst, Aquamarine, Emerald, Jade, Omni Geode, Ruby, Topaz",Birthday:,Summer 22,Hearts:,0,Gifts:,0,0
Elliott,images/Elliott.png,pyimage424,False,Villagers,6,0,Loves:,"Pomegranate, Crab Cakes, Tom Kha Soup, Duck Feather, Lobster",Birthday:,Fall 5,Hearts:,0,Gifts:,0,0
Emily,images/Emily.png,pyimage425,False,Villagers,7,0,Loves:,"Survival Burger, Emerald, Aquamarine, Ruby, Amethyst, Topaz, Jade, Cloth, Wool",Birthday:,Spring 27,Hearts:,0,Gifts:,0,0
Evelyn,images/Evelyn.png,pyimage426,False,Villagers,8,0,Loves:,"Beet, Chocolate Cake, Diamond, Fairy Rose, Stuffing, Tulip",Birthday:,Winter 20,Hearts:,0,Gifts:,0,0
George,images/George.png,pyimage427,False,Villagers,9,0,Loves:,"Fried Mushroom, Leek",Birthday:,Fall 24,Hearts:,0,Gifts:,0,0
Gus,images/Gus.png,pyimage428,False,Villagers,0,1,Loves:,"Diamond, Escargot, Fish Taco, Orange",Birthday:,Summer 8,Hearts:,0,Gifts:,0,0
Haley,images/Haley.png,pyimage429,False,Villagers,1,1,Loves:,"Pink Cake, Fruit Salad, Coconut, Sunflower, Rabbit's Foot",Birthday:,Spring 14,Hearts:,0,Gifts:,0,0
Harvey,images/Harvey.png,pyimage430,False,Villagers,2,1,Loves:,"Super Meal, Lobster Bisque, Truffle Oil, Wine, Coffee, Pickles",Birthday:,Winter 14,Hearts:,0,Gifts:,0,0
Jas,images/Jas.png,pyimage431,False,Villagers,3,1,Loves:,"Fairy Rose, Pink Cake, Plum Pudding",Birthday:,Summer 4,Hearts:,0,Gifts:,0,0
Jodi,images/Jodi.png,pyimage432,False,Villagers,4,1,Loves:,"Chocolate Cake, Crispy Bass, Diamond, Vegetable Medley, Eggplant Parmesan, Fried Eel, Pancakes, Rhubarb Pie",Birthday:,Fall 11,Hearts:,0,Gifts:,0,0
Kent,images/Kent.png,pyimage433,False,Villagers,5,1,Loves:,"Fiddlehead Risotto, Roasted Hazelnuts",Birthday:,Spring 4,Hearts:,0,Gifts:,0,0
Krobus,images/Krobus.png,pyimage434,False,Villagers,6,1,Loves:,"Diamond, Iridium Bar, Pumpkin, Void Egg, Wild Horseradish",Birthday:,Winter 1,Hearts:,0,Gifts:,0,0
Leo,images/Leo.png,pyimage435,False,Villagers,7,1,Loves:,"Duck Feather, Mango, Ostrich Egg, Poi",Birthday:,Summer 26,Hearts:,0,Gifts:,0,0
Leah,images/Leah.png,pyimage436,False,Villagers,8,1,Loves:,"Salad, Vegetable Medley, Poppyseed Muffin, Stir fry, Wine, Goat Cheese, Truffle",Birthday:,Winter 23,Hearts:,0,Gifts:,0,0
Lewis,images/Lewis.png,pyimage437,False,Villagers,9,1,Loves:,"Vegetable Medley, Autumn's Bounty, Glazed Yams, Hot Pepper",Birthday:,Spring 7,Hearts:,0,Gifts:,0,0
Linus,images/Linus.png,pyimage438,False,Villagers,0,2,Loves:,"Blueberry Tart, Cactus Fruit, Coconut, Dish O' The Sea, Yam",Birthday:,Winter 3,Hearts:,0,Gifts:,0,0
Marnie,images/Marnie.png,pyimage439,False,Villagers,1,2,Loves:,"Diamond, Farmer's Lunch, Pink Cake, Pumpkin Pie",Birthday:,Fall 18,Hearts:,0,Gifts:,0,0
Maru,images/Maru.png,pyimage440,False,Villagers,2,2,Loves:,"Cheese Cauliflower, Cauliflower, Pepper Poppers, Rhubarb Pie, Miner's Treat, Strawberry, Diamond, Gold Bar, Iridium Bar, Battery Pack",Birthday:,Summer 10,Hearts:,0,Gifts:,0,0
Pam,images/Pam.png,pyimage441,False,Villagers,3,2,Loves:,"Parsnip Soup, Beer, Glazed Yams, Pale Ale Parsnip, Cactus Fruit",Birthday:,Spring 18,Hearts:,0,Gifts:,0,0
Penny,images/Penny.png,pyimage442,False,Villagers,4,2,Loves:,"Poppyseed Muffin, Red Plate, Tom Kha Soup, Roots Platter, Melon, Diamond, Sandfish, Poppy, Emerald",Birthday:,Fall 2,Hearts:,0,Gifts:,0,0
Pierre,images/Pierre.png,pyimage443,False,Villagers,5,2,Loves:,Fried Calamari,Birthday:,Spring 26,Hearts:,0,Gifts:,0,0
Robin,images/Robin.png,pyimage444,False,Villagers,6,2,Loves:,"Goat Cheese, Peach, Spaghetti",Birthday:,Fall 21,Hearts:,0,Gifts:,0,0
Sam,images/Sam.png,pyimage445,False,Villagers,7,2,Loves:,"Pizza, Cactus Fruit, Maple Bar, Tigerseye",Birthday:,Summer 17,Hearts:,0,Gifts:,0,0
Sandy,images/Sandy.png,pyimage446,False,Villagers,8,2,Loves:,"Crocus, Daffodil, Sweet Pea",Birthday:,Fall 15,Hearts:,0,Gifts:,0,0
Sebastian,images/Sebastian.png,pyimage447,False,Villagers,9,2,Loves:,"Frozen Tear, Pumpkin Soup, Sashimi, Void Egg, Obsidian",Birthday:,Winter 10,Hearts:,0,Gifts:,0,0
Shane,images/Shane.png,pyimage448,False,Villagers,0,3,Loves:,"Beer, Hot Pepper, Pepper Poppers, Pizza",Birthday:,Spring 20,Hearts:,0,Gifts:,0,0
Vincent,images/Vincent.png,pyimage449,False,Villagers,1,3,Loves:,"Cranberry Candy, Pink Cake, Grape",Birthday:,Spring 10,Hearts:,0,Gifts:,0,0
Willy,images/Willy.png,pyimage450,False,Villagers,2,3,Loves:,"Catfish, Diamond, Iridium Bar, Octopus, Pumpkin, Sea Cucumber, Sturgeon",Birthday:,Summer 24,Hearts:,0,Gifts:,0,0
Wizard,images/Wizard.png,pyimage451,False,Villagers,3,3,Loves:,"Super Cucumber, Purple Mushroom, Solar Essence, Void Essence",Birthday:,Winter 17,Hearts:,0,Gifts:,0,0
Duck Egg,images/Duck_Egg.png,pyimage452,False,Animal,0,0,Quantity:,1,Bundle:,Pantry: Animal (5/6),,,,,
Large Brown Egg,images/Large_Brown_Egg.png,pyimage453,False,Animal,1,0,Quantity:,1,Bundle:,Pantry: Animal (5/6),,,,,
Large Egg,images/Large_Egg.png,pyimage454,False,Animal,2,0,Quantity:,1,Bundle:,Pantry: Animal (5/6),,,,,
Large Goat Milk,images/Large_Goat_Milk.png,pyimage455,False,Animal,3,0,Quantity:,1,Bundle:,Pantry: Animal (5/6),,,,,
Large Milk,images/Large_Milk.png,pyimage456,False,Animal,4,0,Quantity:,1,Bundle:,Pantry: Animal (5/6),,,,,
Wool,images/Wool.png,pyimage457,False,Animal,5,0,Quantity:,1,Bundle:,Pantry: Animal (5/6),,,,,
Cheese,images/Cheese.png,pyimage458,False,Animal,6,0,Quantity:,1,Bundle:,Pantry: Artisan (6/12),,,,,
Cloth,images/Cloth.png,pyimage459,False,Animal,7,0,Quantity:,1,Bundle:,Pantry: Artisan (6/12),,,,,
Goat Cheese,images/Goat_Cheese.png,pyimage460,False,Animal,8,0,Quantity:,1,Bundle:,Pantry: Artisan (6/12),,,,,
Truffle Oil,images/Truffle_Oil.png,pyimage461,False,Animal,9,0,Quantity:,1,Bundle:,Pantry: Artisan (6/12),,,,,
Truffle,images/Truffle.png,pyimage462,False,Animal,0,1,Quantity:,1,Bundle:,Bulletin Board: Chef's,,,,,
Duck Feather,images/Duck_Feather.png,pyimage463,False,Animal,1,1,Quantity:,1,Bundle:,Bulletin Board: Dye,,,,,
Rabbit's Foot,images/Rabbit's_Foot.png,pyimage464,False,Animal,2,1,Quantity:,1,Bundle:,Bulletin Board: Enchanter's,,,,,
Apple,images/Apple.png,pyimage465,False,Fall,0,0,Quantity:,1,Bundle:,Pantry: Artisan (6/12),,,,,
Apricot,images/Apricot.png,pyimage466,False,Fall,1,0,Quantity:,1,Bundle:,Pantry: Artisan (6/12),,,,,
Cherry,images/Cherry.png,pyimage467,False,Fall,2,0,Quantity:,1,Bundle:,Pantry: Artisan (6/12),,,,,
Orange,images/Orange.png,pyimage468,False,Fall,3,0,Quantity:,1,Bundle:,Pantry: Artisan (6/12),,,,,
Peach,images/Peach.png,pyimage469,False,Fall,4,0,Quantity:,1,Bundle:,Pantry: Artisan (6/12),,,,,
Pomegranate,images/Pomegranate.png,pyimage470,False,Fall,5,0,Quantity:,1,Bundle:,Pantry: Artisan (6/12),,,,,
Pomegranate,images/Pomegranate.png,pyimage471,False,Fall,6,0,Quantity:,1,Bundle:,Bulletin Board: Enchanter's,,,,,
Eggplant,images/Eggplant.png,pyimage472,False,Fall,7,0,Quantity:,1,Bundle:,Pantry: Fall Crops,,,,,
Pumpkin,images/Pumpkin.png,pyimage473,False,Fall,8,0,Quantity:,1,Bundle:,Pantry: Fall Crops,,,,,
Yam,images/Yam.png,pyimage474,False,Fall,9,0,Quantity:,1,Bundle:,Pantry: Fall Crops,,,,,
Blackberry,images/Blackberry.png,pyimage475,False,Fall,0,1,Quantity:,1,Bundle:,Crafts: Fall Foraging,,,,,
Common Mushroom,images/Common_Mushroom.png,pyimage476,False,Fall,1,1,Quantity:,1,Bundle:,Crafts: Fall Foraging,,,,,
Hazelnut,images/Hazelnut.png,pyimage477,False,Fall,2,1,Quantity:,1,Bundle:,Crafts: Fall Foraging,,,,,
Wild Plum,images/Wild_Plum.png,pyimage478,False,Fall,3,1,Quantity:,1,Bundle:,Crafts: Fall Foraging,,,,,
Apple,images/Apple.png,pyimage479,False,Fall,4,1,Quantity:,3,Bundle:,Bulletin Board: Fodder,,,,,
Gold Pumpkin,images/Pumpkin.png,pyimage480,False,Fall,5,1,Quantity:,5,Bundle:,Pantry: Quality Crops,,,,,
Clam,images/Clam.png,pyimage481,False,Fish,0,0,Season/Time:,Any,Bundle:,Fish Tank: Crab Pot (5/10),Location:,Beach,Weather:,Any,
Cockle,images/Cockle.png,pyimage482,False,Fish,1,0,Season/Time:,Any,Bundle:,Fish Tank: Crab Pot (5/10),Location:,Ocean,Weather:,Any,
Crab,images/Crab.png,pyimage483,False,Fish,2,0,Season/Time:,Any,Bundle:,Fish Tank: Crab Pot (5/10),Location:,Ocean,Weather:,Any,
Crayfish,images/Crayfish.png,pyimage484,False,Fish,3,0,Season/Time:,Any,Bundle:,Fish Tank: Crab Pot (5/10),Location:,Freshwater,Weather:,Any,
Lobster,images/Lobster.png,pyimage485,False,Fish,4,0,Season/Time:,Any,Bundle:,Fish Tank: Crab Pot (5/10),Location:,Ocean,Weather:,Any,
Mussel,images/Mussel.png,pyimage486,False,Fish,5,0,Season/Time:,Any,Bundle:,Fish Tank: Crab Pot (5/10),Location:,Ocean,Weather:,Any,
Oyster,images/Oyster.png,pyimage487,False,Fish,6,0,Season/Time:,Any,Bundle:,Fish Tank: Crab Pot (5/10),Location:,Ocean,Weather:,Any,
Periwinkle,images/Periwinkle.png,pyimage488,False,Fish,7,0,Season/Time:,Any,Bundle:,Fish Tank: Crab Pot (5/10),Location:,Freshwater,Weather:,Any,
Shrimp,images/Shrimp.png,pyimage489,False,Fish,8,0,Season/Time:,Any,Bundle:,Fish Tank: Crab Pot (5/10),Location:,Ocean,Weather:,Any,
Snail,images/Snail.png,pyimage490,False,Fish,9,0,Season/Time:,Any,Bundle:,Fish Tank: Crab Pot (5/10),Location:,Freshwater,Weather:,Any,
Sea Urchin,images/Sea_Urchin.png,pyimage491,False,Fish,0,1,Season/Time:,,Bundle:,Bulletin Board: Dye,Location:,Beach,Weather:,Any,
Chub,images/Chub.png,pyimage492,False,Fish,1,1,Season/Time:,"Any, Anytime",Bundle:,Bulletin Board: Field Research,Location:,"Forest River, Mountain Lake",Weather:,Any,
Nautilus Shell,images/Nautilus_Shell.png,pyimage493,False,Fish,2,1,Season/Time:,,Bundle:,Bulletin Board: Field Research,Location:,Beach,Weather:,Any,
Bullhead,images/Bullhead.png,pyimage494,False,Fish,3,1,Season/Time:,"Any, Anytime",Bundle:,Fish Tank: Lake Fish,Location:,Mountain Lake,Weather:,Any,
Carp,images/Carp.png,pyimage495,False,Fish,4,1,Season/Time:,"Any, Anytime",Bundle:,Fish Tank: Lake Fish,Location:,"Mountain Lake, Secret Woods Pond, Sewers",Weather:,Any,
Largemouth Bass,images/Largemouth_Bass.png,pyimage496,False,Fish,5,1,Season/Time:,"Any, 6am - 7pm",Bundle:,Fish Tank: Lake Fish,Location:,Mountain Lake,Weather:,Any,
Sturgeon,images/Sturgeon.png,pyimage497,False,Fish,6,1,Season/Time:,"Summer, 6am - 7pm",Bundle:,Fish Tank: Lake Fish,Location:,Mountain Lake,Weather:,Any,
Bream,images/Bream.png,pyimage498,False,Fish,7,1,Season/Time:,"Any, 6pm - 2am",Bundle:,Fish Tank: Night Fishing,Location:,River (Town+Forest),Weather:,Any,
Eel,images/Eel.png,pyimage499,False,Fish,8,1,Season/Time:,"Spring, Fall, 4pm - 2am",Bundle:,Fish Tank: Night Fishing,Location:,Ocean,Weather:,Rain,
Walleye,images/Walleye.png,pyimage500,False,Fish,9,1,Season/Time:,"Fall, Winter, 12pm - 2am",Bundle:,Fish Tank: Night Fishing,Location:,"River (Town+Forest), Forest Pond, Mountain Lake",Weather:,Rain,
Red Snapper,images/Red_Snapper.png,pyimage501,False,Fish,0,2,Season/Time:,"Summer, Fall, 6am - 7pm",Bundle:,Fish Tank: Ocean Fish,Location:,Ocean,Weather:,Rain,
Sardine,images/Sardine.png,pyimage502,False,Fish,1,2,Season/Time:,"Spring, Fall, Winter, 6am - 7pm",Bundle:,Fish Tank: Ocean Fish,Location:,Ocean,Weather:,Any,
Tilapia,images/Tilapia.png,pyimage503,False,Fish,2,2,Season/Time:,"Summer, Fall, 6am - 2pm",Bundle:,Fish Tank: Ocean Fish,Location:,"Ocean, Ginger Island rivers",Weather:,Any,
Tuna,images/Tuna.png,pyimage504,False,Fish,3,2,Season/Time:,"Summer, Winter, 6am - 7pm",Bundle:,Fish Tank: Ocean Fish,Location:,Ocean,Weather:,Any,
Catfish,images/Catfish.png,pyimage505,False,Fish,4,2,Season/Time:,"Spring, Fall, 6am - 12am",Bundle:,Fish Tank: River Fish,Location:,"River (Town+Forest), Secret Woods Pond, Witch's Swamp",Weather:,Rain,
Shad,images/Shad.png,pyimage506,False,Fish,5,2,Season/Time:,"Spring, Summer, Fall, 9am - 2am",Bundle:,Fish Tank: River Fish,Location:,River (Town+Forest),Weather:,Rain,
Sunfish,images/Sunfish.png,pyimage507,False,Fish,6,2,Season/Time:,"Spring, Summer, 6am - 7pm",Bundle:,Fish Tank: River Fish,Location:,River (Town+Forest),Weather:,Sun,
Tiger Trout,images/Tiger_Trout.png,pyimage508,False,Fish,7,2,Season/Time:,"Fall, Winter, 6am - 7pm",Bundle:,Fish Tank: River Fish,Location:,River (Town+Forest),Weather:,Any,
Ghostfish,images/Ghostfish.png,pyimage509,False,Fish,8,2,Season/Time:,"Any, Anytime",Bundle:,Fish Tank: Special,Location:,"Mines (20, 60), Ghost Drops",Weather:,Any,
Pufferfish,images/Pufferfish.png,pyimage510,False,Fish,9,2,Season/Time:,"Summer, 12am - 4pm",Bundle:,Fish Tank: Special,Location:,Ocean,Weather:,Sun,
Sandfish,images/Sandfish.png,pyimage511,False,Fish,0,3,Season/Time:,"Any, 6am - 8pm",Bundle:,Fish Tank: Special,Location:,The Desert,Weather:,Any,
Woodskip,images/Woodskip.png,pyimage512,False,Fish,1,3,Season/Time:,"Any, Anytime",Bundle:,Fish Tank: Special,Location:,"Secret Woods Pond, Forest Farm",Weather:,Any,
Bat Wing,images/Bat_Wing.png,pyimage513,False,Mining,0,0,Quantity:,10,Bundle:,Boiler Room: Adventurer's (2/4),,,,,
Slime,images/Slime.png,pyimage514,False,Mining,1,0,Quantity:,99,Bundle:,Boiler Room: Adventurer's (2/4),,,,,
Solar Essence,images/Solar_Essence.png,pyimage515,False,Mining,2,0,Quantity:,1,Bundle:,Boiler Room: Adventurer's (2/4),,,,,
Void Essence,images/Void_Essence.png,pyimage516,False,Mining,3,0,Quantity:,1,Bundle:,Boiler Room: Adventurer's (2/4),,,,,
Copper Bar,images/Copper_Bar.png,pyimage517,False,Mining,4,0,Quantity:,1,Bundle:,Boiler Room: Blacksmith's,,,,,
Gold Bar,images/Gold_Bar.png,pyimage518,False,Mining,5,0,Quantity:,1,Bundle:,Boiler Room: Blacksmith's,,,,,
Iron Bar,images/Iron_Bar.png,pyimage519,False,Mining,6,0,Quantity:,1,Bundle:,Boiler Room: Blacksmith's,,,,,
Aquamarine,images/Aquamarine.png,pyimage520,False,Mining,7,0,Quantity:,1,Bundle:,Bulletin Board: Dye,,,,,
Cave Carrot,images/Cave_Carrot.png,pyimage521,False,Mining,8,0,Quantity:,1,Bundle:,Crafts: Exotic Foraging (5/9),,,,,
Frozen Geode,images/Frozen_Geode.png,pyimage522,False,Mining,9,0,Quantity:,1,Bundle:,Bulletin Board: Field Research,,,,,
Earth Crystal,images/Earth_Crystal.png,pyimage523,False,Mining,0,1,Quantity:,1,Bundle:,Boiler Room: Geologist's,,,,,
Fire Quartz,images/Fire_Quartz.png,pyimage524,False,Mining,1,1,Quantity:,1,Bundle:,Boiler Room: Geologist's,,,,,
Frozen Tear,images/Frozen_Tear.png,pyimage525,False,Mining,2,1,Quantity:,1,Bundle:,Boiler Room: Geologist's,,,,,
Quartz,images/Quartz.png,pyimage526,False,Mining,3,1,Quantity:,1,Bundle:,Boiler Room: Geologist's,,,,,
Caviar,images/Caviar.png,pyimage527,False,Missing,4,1,Quantity:,1,Bundle:,Missing (5/6),,,,,
Dinosaur Mayo,images/Dinosaur_Mayonnaise.png,pyimage528,False,Missing,5,1,Quantity:,1,Bundle:,Missing (5/6),,,,,
Gold Ancient Fruit,images/Ancient_Fruit.png,pyimage529,False,Missing,6,1,Quantity:,1,Bundle:,Missing (5/6),,,,,
Gold Void Salmon,images/Void_Salmon.png,pyimage530,False,Missing,7,1,Quantity:,1,Bundle:,Missing (5/6),,,,,
Prismatic Shard,images/Prismatic_Shard.png,pyimage531,False,Missing,8,1,Quantity:,1,Bundle:,Missing (5/6),,,,,
Silver Wine,images/Wine.png,pyimage532,False,Missing,9,1,Quantity:,1,Bundle:,Missing (5/6),,,,,
Honey,images/Honey.png,pyimage533,False,Other,0,0,Quantity:,1,Bundle:,Pantry: Artisan (6/12),,,,,
Jelly,images/Jelly.png,pyimage534,False,Other,1,0,Quantity:,1,Bundle:,Pantry: Artisan (6/12),,,,,
Fried Egg,images/Fried_Egg.png,pyimage535,False,Other,2,0,Quantity:,1,Bundle:,Bulletin Board: Chef's,,,,,
Maki Roll,images/Maki_Roll.png,pyimage536,False,Other,3,0,Quantity:,1,Bundle:,Bulletin Board: Chef's,,,,,
Maple Syrup,images/Maple_Syrup.png,pyimage537,False,Other,4,0,Quantity:,1,Bundle:,Bulletin Board: Chef's,,,,,
Red Cabbage,images/Red_Cabbage.png,pyimage538,False,Other,5,0,Quantity:,1,Bundle:,Bulletin Board: Dye,,,,,
Red Mushroom,images/Red_Mushroom.png,pyimage539,False,Other,6,0,Quantity:,1,Bundle:,Bulletin Board: Dye,,,,,
Oak Resin,images/Oak_Resin.png,pyimage540,False,Other,7,0,Quantity:,1,Bundle:,Bulletin Board: Enchanter's,,,,,
Wine,images/Wine.png,pyimage541,False,Other,8,0,Quantity:,1,Bundle:,Bulletin Board: Enchanter's,,,,,
Cactus Fruit,images/Cactus_Fruit.png,pyimage542,False,Other,9,0,Quantity:,1,Bundle:,Crafts: Exotic Foraging (5/9),,,,,
Coconut,images/Coconut.png,pyimage543,False,Other,0,1,Quantity:,1,Bundle:,Crafts: Exotic Foraging (5/9),,,,,
Maple Syrup,images/Maple_Syrup.png,pyimage544,False,Other,1,1,Quantity:,1,Bundle:,Crafts: Exotic Foraging (5/9),,,,,
Morel,images/Morel.png,pyimage545,False,Other,2,1,Quantity:,1,Bundle:,Crafts: Exotic Foraging (5/9),,,,,
Oak Resin,images/Oak_Resin.png,pyimage546,False,Other,3,1,Quantity:,1,Bundle:,Crafts: Exotic Foraging (5/9),,,,,
Pine Tar,images/Pine_Tar.png,pyimage547,False,Other,4,1,Quantity:,1,Bundle:,Crafts: Exotic Foraging (5/9),,,,,
Purple Mushroom,images/Purple_Mushroom.png,pyimage548,False,Other,5,1,Quantity:,1,Bundle:,Crafts: Exotic Foraging (5/9),,,,,
Red Mushroom,images/Red_Mushroom.png,pyimage549,False,Other,6,1,Quantity:,1,Bundle:,Crafts: Exotic Foraging (5/9),,,,,
Purple Mushroom,images/Purple_Mushroom.png,pyimage550,False,Other,7,1,Quantity:,1,Bundle:,Bulletin Board: Field Research,,,,,
"2,500g",images/2500_bundle.png,pyimage551,False,Other,8,1,Quantity:,1,Bundle:,Vault,,,,,
"5,000g",images/5000_bundle.png,pyimage552,False,Other,9,1,Quantity:,1,Bundle:,Vault,,,,,
"10,000g",images/10000_bundle.png,pyimage553,False,Other,0,2,Quantity:,1,Bundle:,Vault,,,,,
"25,000g",images/25000_bundle.png,pyimage554,False,Other,1,2,Quantity:,1,Bundle:,Vault,,,,,
Cheese Press,images/TODO.png,pyimage555,False,Other,2,2,Quantity:,1,Bundle:,To Do,,,,,
Del Barn,images/TODO.png,pyimage556,False,Other,3,2,Quantity:,1,Bundle:,To Do,,,,,
Del Coop,images/TODO.png,pyimage557,False,Other,4,2,Quantity:,1,Bundle:,To Do,,,,,
Keg,images/TODO.png,pyimage558,False,Other,5,2,Quantity:,1,Bundle:,To Do,,,,,
Lg Barn,images/TODO.png,pyimage559,False,Other,6,2,Quantity:,1,Bundle:,To Do,,,,,
Lg Coop,images/TODO.png,pyimage560,False,Other,7,2,Quantity:,1,Bundle:,To Do,,,,,
Loom,images/TODO.png,pyimage561,False,Other,8,2,Quantity:,1,Bundle:,To Do,,,,,
Mayo Machine,images/TODO.png,pyimage562,False,Other,9,2,Quantity:,1,Bundle:,To Do,,,,,
Oil Maker,images/TODO.png,pyimage563,False,Other,0,3,Quantity:,1,Bundle:,To Do,,,,,
Reg Barn,images/TODO.png,pyimage564,False,Other,1,3,Quantity:,1,Bundle:,To Do,,,,,
Reg Coop,images/TODO.png,pyimage565,False,Other,2,3,Quantity:,1,Bundle:,To Do,,,,,
Silo,images/TODO.png,pyimage566,False,Other,3,3,Quantity:,1,Bundle:,To Do,,,,,
Upgrade House (cook),images/TODO.png,pyimage567,False,Other,4,3,Quantity:,1,Bundle:,To Do,,,,,
Stone,images/Stone.png,pyimage568,False,Spring,0,0,Quantity:,99,Bundle:,Crafts: Construction,,,,,
Wood,images/Wood.png,pyimage569,False,Spring,1,0,Quantity:,198,Bundle:,Crafts: Construction,,,,,
Gold Parsnip,images/Parsnip.png,pyimage570,False,Spring,2,0,Quantity:,5,Bundle:,Pantry: Quality Crops,,,,,
Cauliflower,images/Cauliflower.png,pyimage571,False,Spring,3,0,Quantity:,1,Bundle:,Pantry: Spring Crops,,,,,
Green Bean,images/Green_Bean.png,pyimage572,False,Spring,4,0,Quantity:,1,Bundle:,Pantry: Spring Crops,,,,,
Parsnip,images/Parsnip.png,pyimage573,False,Spring,5,0,Quantity:,1,Bundle:,Pantry: Spring Crops,,,,,
Potato,images/Potato.png,pyimage574,False,Spring,6,0,Quantity:,1,Bundle:,Pantry: Spring Crops,,,,,
Daffodil,images/Daffodil.png,pyimage575,False,Spring,7,0,Quantity:,1,Bundle:,Crafts: Spring Foraging,,,,,
Dandelion,images/Dandelion.png,pyimage576,False,Spring,8,0,Quantity:,1,Bundle:,Crafts: Spring Foraging,,,,,
Leek,images/Leek.png,pyimage577,False,Spring,9,0,Quantity:,1,Bundle:,Crafts: Spring Foraging,,,,,
Wild Horseradish,images/Wild_Horseradish.png,pyimage578,False,Spring,0,1,Quantity:,1,Bundle:,Crafts: Spring Foraging,,,,,
Fiddlehead Fern,images/Fiddlehead_Fern.png,pyimage579,False,Summer,0,0,Quantity:,1,Bundle:,Bulletin Board: Chef's,,,,,
Poppy,images/Poppy.png,pyimage580,False,Summer,1,0,Quantity:,1,Bundle:,Bulletin Board: Chef's,,,,,
Hardwood,images/Hardwood.png,pyimage581,False,Summer,2,0,Quantity:,10,Bundle:,Crafts: Construction,,,,,
Sunflower,images/Sunflower.png,pyimage582,False,Summer,3,0,Quantity:,1,Bundle:,Bulletin Board: Dye,,,,,
Corn,images/Corn.png,pyimage583,False,Summer,4,0,Quantity:,1,Bundle:,Pantry: Fall Crops,,,,,
Hay,images/Hay.png,pyimage584,False,Summer,5,0,Quantity:,10,Bundle:,Bulletin Board: Fodder,,,,,
Wheat,images/Wheat.png,pyimage585,False,Summer,6,0,Quantity:,10,Bundle:,Bulletin Board: Fodder,,,,,
Gold Corn,images/Corn.png,pyimage586,False,Summer,7,0,Quantity:,5,Bundle:,Pantry: Quality Crops,,,,,
Gold Melon,images/Melon.png,pyimage587,False,Summer,8,0,Quantity:,5,Bundle:,Pantry: Quality Crops,,,,,
Blueberry,images/Blueberry.png,pyimage588,False,Summer,9,0,Quantity:,1,Bundle:,Pantry: Summer Crops,,,,,
Hot Pepper,images/Hot_Pepper.png,pyimage589,False,Summer,0,1,Quantity:,1,Bundle:,Pantry: Summer Crops,,,,,
Melon,images/Melon.png,pyimage590,False,Summer,1,1,Quantity:,1,Bundle:,Pantry: Summer Crops,,,,,
Tomato,images/Tomato.png,pyimage591,False,Summer,2,1,Quantity:,1,Bundle:,Pantry: Summer Crops,,,,,
Grape,images/Grape.png,pyimage592,False,Summer,3,1,Quantity:,1,Bundle:,Crafts: Summer Foraging,,,,,
Spice Berry,images/Spice_Berry.png,pyimage593,False,Summer,4,1,Quantity:,1,Bundle:,Crafts: Summer Foraging,,,,,
Sweet Pea,images/Sweet_Pea.png,pyimage594,False,Summer,5,1,Quantity:,1,Bundle:,Crafts: Summer Foraging,,,,,
Plant Apple,images/TODO.png,pyimage595,False,Summer,6,1,Quantity:,0,Bundle:,To Do,,,,,
Plant Pomegranate,images/TODO.png,pyimage596,False,Summer,7,1,Quantity:,0,Bundle:,To Do,,,,,
Crocus,images/Crocus.png,pyimage597,False,Winter,0,0,Quantity:,1,Bundle:,Crafts: Fall Foraging,,,,,
Crystal Fruit,images/Crystal_Fruit.png,pyimage598,False,Winter,1,0,Quantity:,1,Bundle:,Crafts: Fall Foraging,,,,,
Snow Yam,images/Snow_Yam.png,pyimage599,False,Winter,2,0,Quantity:,1,Bundle:,Crafts: Fall Foraging,,,,,
Winter Root,images/Winter_Root.png,pyimage600,False,Winter,3,0,Quantity:,1,Bundle:,Crafts: Fall Foraging,,,,,
